Tender Ref,Status,Rejection Codes,Company Name,"Tendered Unit 
(BMU/Unit ID)",TO connection  /  DNO connection,Generation Type,Start Date,End Date,"Tendered Period 
(dd.mm.yy - dd.mm.yy)",Applicable FFR Capability Data Table,Tendered Frames per Service Day - From (Mon-Fri),Tendered Frames per Service Day - To (Mon- Fri),Tendered Frames per Service Day - Duration (Mon-Fri),Tendered Frames per Service Day - From (Saturday),Tendered Frames per Service Day - To (Saturday),Tendered Frames per Service Day - Duration (Saturday),Tendered Frames per Service Day - From (Sunday/Bank Holidays),Tendered Frames per Service Day - To (Sunday/Bank Holidays),Tendered Frames per Service Day - Duration (Sunday/Bank Hol),Tendered Prices - Availability Fee (£/h),Tendered Prices - Nomination Fee (£/h),Tendered Prices -  Window Initiation Fee (£/window),BMUs  Only ,Maximum Part Load Point (MW),Minimum Part Load Point (MW),Minimum MEL (MW),Maximum SEL (MW),Primary Response (max.) @ 0.2Hz (MW),Primary Response (max.) @ 0.5Hz (MW),Primary Response (max.) @ 0.8Hz (MW),Secondary Response (max.) @ 0.2/0.2Hz (MW),Secondary Response (max.) @ 0.5/0.5Hz (MW),High Frequency Response (max.) @ 0.2Hz (MW),High Frequency Response (max.) @ 0.5Hz (MW),Are you adding volume as per detail change provision,Please state the accepted tender that you are stacking onto,Please state if this is an all or nothing bid.,Please indicate if this is a mutually exclusive tender ,Automatic Response Energy Deliverable by 10s (MW),Automatic Response Energy Deliverable by 30s (MW),Post code,Comments 
147.001,Accepted,NA,GRIDRESERVE LIMITED,NSFE02,DNO connection,Battery,31/03/2022,30/04/2022,31.03.22 - 30.04.22 (1 months),As per FFR framework agreement ,2300,1500,16,,,,,,,372.36,,,YES,,,,,11.6,29,29,11.6,29,11.6,29,,,, ,,,EH48,
147.002,Accepted,NA,GRIDRESERVE LIMITED,NSFE02,DNO connection,Battery,01/04/2022,30/04/2022,01.04.22 - 30.04.22 (1 months),As per FFR framework agreement ,1500,2300,8,,,,,,,784.74,,,YES,,,,,11.6,29,29,11.6,29,11.6,29,,,,,,,EH48,
147.003,Accepted,NA,GRIDRESERVE LIMITED,NSFE02,DNO connection,Battery,01/04/2022,30/04/2022,01.04.22 - 30.04.22 (1 months),As per FFR framework agreement ,,,,2300,1500,16,2300,1500,16,525.19,,,YES,,,,,11.6,29,29,11.6,29,11.6,29,,,,,,,EH48,
147.004,Accepted,NA,BLOXWICH ENERGY STORAGE LIMITED,ARNKB-1,DNO connection,Battery,31/03/2022,30/04/2022,31.03.22 - 30.04.22 (1 months),As per FFR framework agreement ,2300,1500,16,,,,,,,580.97,,,YES,,,,,16.4,41,41,16.4,41,16.4,41,,,,,,,WS2,
147.005,Rejected,2,BLOXWICH ENERGY STORAGE LIMITED,ARNKB-1,DNO connection,Battery,01/04/2022,30/04/2022,01.04.22 - 30.04.22 (1 months),As per FFR framework agreement ,1500,2300,8,,,,,,,1231.64,,,YES,,,,,16.4,41,41,16.4,41,16.4,41,,,,,,,WS2,
147.006,Accepted,NA,BLOXWICH ENERGY STORAGE LIMITED,ARNKB-1,DNO connection,Battery,01/04/2022,30/04/2022,01.04.22 - 30.04.22 (1 months),As per FFR framework agreement ,,,,2300,1500,16,2300,1500,16,816.72,,,YES,,,,,16.4,41,41,16.4,41,16.4,41,,,,,,,WS2,
147.007,Rejected,2,OSSPV001 LIMITED,E_ARNKB-2,DNO connection,Battery,31/03/2022,30/04/2022,31.03.22 - 30.04.22 (1 months),As per FFR framework agreement ,2300,700,8,2300,700,8,2300,700,8,145,,,YES,,,,,4,10,10,4,10,4,10,,,,,,,CM13,
147.008,Rejected,2,OSSPV001 LIMITED,E_ARNKB-2,DNO connection,Battery,01/04/2022,30/04/2022,01.04.22 - 30.04.22 (1 months),As per FFR framework agreement ,700,1500,8,700,1500,8,700,1500,8,145,,,YES,,,,,4,10,10,4,10,4,10,,,,,,,CM13,
147.009,Accepted,NA,OSSPV001 LIMITED,E_ARNKB-2,DNO connection,Battery,01/04/2022,30/04/2022,01.04.22 - 30.04.22 (1 months),As per FFR framework agreement ,1500,2300,8,1500,2300,8,1500,2300,8,255,,,YES,,,,,4,10,10,4,10,4,10,,,,,,,CM13,
147.010,Accepted,NA,ATTUNE ENERGY,ERNES-1,DNO connection,Bio Fuel,01/04/2022,30/04/2022,01.04.22 - 30.04.22 (1 months),As per FFR framework agreement ,1500,1900,4,,,,,,,74.99,,,,,,,,,,,,,,,,,, ,,20,PL5,
147.011,Accepted,NA,FLEXIBLE GENERATION,CRMU-1,DNO connection,Bio Fuel,01/04/2022,30/04/2022,01.04.22 - 30.04.22 (1 months),As per FFR framework agreement ,1500,1900,4,,,,,,,75,,,,,,,,,,,,,,,,,,,,20,NP11,
147.012,Accepted,NA,FLEXIBLE GENERATION,CRMU-1,DNO connection,Bio Fuel,01/04/2022,30/04/2022,01.04.22 - 30.04.22 (1 months),As per FFR framework agreement ,2300,300,4,2300,300,4,2300,300,4,75.01,,,,,,,,,,,,,,,,,,,,20,NP11,
147.013,Accepted,NA,PRECISE ENERGY ,STOWA-1,DNO connection,Bio Fuel,01/04/2022,30/04/2022,01.04.22 - 30.04.22 (1 months),As per FFR framework agreement ,1500,1900,4,,,,,,,76,,,,,,,,,,,,,,,,,,,,20,IP14,
147.014,Accepted,NA,PRECISE ENERGY ,STOWA-1,DNO connection,Bio Fuel,01/04/2022,30/04/2022,01.04.22 - 30.04.22 (1 months),As per FFR framework agreement ,2300,300,4,2300,300,4,2300,300,4,75,,,,,,,,,,,,,,,,,,,,20,IP14,
147.015,Accepted,NA,VALENCE POWER,STOWB-1,DNO connection,Bio Fuel,01/04/2022,30/04/2022,01.04.22 - 30.04.22 (1 months),As per FFR framework agreement ,1500,1900,4,,,,,,,76.01,,,,,,,,,,,,,,,,,,,,20,IP14,
147.016,Accepted,NA,VALENCE POWER,STOWB-1,DNO connection,Bio Fuel,01/04/2022,30/04/2022,01.04.22 - 30.04.22 (1 months),As per FFR framework agreement ,2300,300,4,2300,300,4,2300,300,4,75.01,,,,,,,,,,,,,,,,,,,,20,IP14,
147.017,Accepted,NA,BALANCE POWER,IPSWA-1,DNO connection,Bio Fuel,01/04/2022,30/04/2022,01.04.22 - 30.04.22 (1 months),As per FFR framework agreement ,1500,1900,4,,,,,,,75.5,,,,,,,,,,,,,,,,,,,,20,IP3,
147.018,Accepted,NA,BALANCE POWER,IPSWA-1,DNO connection,Bio Fuel,01/04/2022,30/04/2022,01.04.22 - 30.04.22 (1 months),As per FFR framework agreement ,2300,300,4,2300,300,4,2300,300,4,75.1,,,,,,,,,,,,,,,,,,,,20,IP3,
147.019,Rejected,2,Centrica Brigg Ltd,ROOSB-1,DNO connection,Battery,31/03/2022,30/04/2022,31.03.22 - 30.04.22 (1 months),As per FFR framework agreement ,2300,2300,24,2300,2300,24,2300,2300,24,902,,,Yes,,,,,17.6,44,44,17.6,44,17.6,44,,,A,,,,LA13 ,
147.02,Accepted,NA,REstore Flexpond UK Ltd,REST-1,DNO connection,Multiple Fuel Type,31/03/2022,30/04/2022,31.03.22 - 30.04.22 (1 months),As per FFR framework agreement ,2300,2300,24,2300,2300,24,2300,2300,24,45.55,,,No,,,,,2,5,5,2,5,2,5,,,A,Mutually Exclusive to B + C,,,Various,
147.021,Rejected,4,REstore Flexpond UK Ltd,REST-1,DNO connection,Multiple Fuel Type,31/03/2022,30/04/2022,31.03.22 - 30.04.22 (1 months),As per FFR framework agreement ,2300,1500,16,2300,1500,16,2300,1500,16,50.55,,,No,,,,,2,5,5,2,5,2,5,,,B,Mutually Exclusive to A,,,Various,
147.022,Rejected,4,REstore Flexpond UK Ltd,REST-1,DNO connection,Multiple Fuel Type,01/04/2022,30/04/2022,01.04.22 - 30.04.22 (1 months),As per FFR framework agreement ,1500,2300,8,1500,2300,8,1500,2300,8,91.75,,,No,,,,,2,5,5,2,5,2,5,,,C,Mutually Exclusive to A,,,Various,
147.023,Rejected,2,Centrica Business Solutions Uk Optimisation UK Ltd,V__LCEND001,DNO connection,DSF: Storage (for export),31/03/2022,30/04/2022,31.03.22 - 30.04.22 (1 months),As per FFR framework agreement ,2300,2300,24,2300,2300,24,2300,2300,24,9.11,,,Yes,,,,,0.4,1,1,0.4,1,0.4,1,,,A,Mutually Exclusive to B + C,,,TR27,
147.024,Rejected,2,Centrica Business Solutions Uk Optimisation UK Ltd,V__LCEND001,DNO connection,DSF: Storage (for export),31/03/2022,30/04/2022,31.03.22 - 30.04.22 (1 months),As per FFR framework agreement ,2300,1500,16,2300,1500,16,2300,1500,16,10.11,,,Yes,,,,,0.4,1,1,0.4,1,0.4,1,,,B,Mutually Exclusive to A,,,TR27,
147.025,Rejected,2,Centrica Business Solutions Uk Optimisation UK Ltd,V__LCEND001,DNO connection,DSF: Storage (for export),01/04/2022,30/04/2022,01.04.22 - 30.04.22 (1 months),As per FFR framework agreement ,1500,2300,8,1500,2300,8,1500,2300,8,18.35,,,Yes,,,,,0.4,1,1,0.4,1,0.4,1,,,C,Mutually Exclusive to A,,,TR27,
147.026,Rejected,2,Centrica Business Solutions Uk Optimisation UK Ltd,V__BCEND002,DNO connection,DSF: Storage (for export),31/03/2022,30/04/2022,31.03.22 - 30.04.22 (1 months),As per FFR framework agreement ,2300,2300,24,2300,2300,24,2300,2300,24,184.5,,,Yes,,,,,3.6,9,9,3.6,9,3.6,9,,,A,Mutually Exclusive to B + C,,,LN1 2,
147.027,Rejected,2,Centrica Business Solutions Uk Optimisation UK Ltd,V__BCEND002,DNO connection,DSF: Storage (for export),31/03/2022,30/04/2022,31.03.22 - 30.04.22 (1 months),As per FFR framework agreement ,2300,1500,16,2300,1500,16,2300,1500,16,198,,,Yes,,,,,3.6,9,9,3.6,9,3.6,9,,,B,Mutually Exclusive to A,,,LN1 2,
147.028,Rejected,2,Centrica Business Solutions Uk Optimisation UK Ltd,V__BCEND002,DNO connection,DSF: Storage (for export),01/04/2022,30/04/2022,01.04.22 - 30.04.22 (1 months),As per FFR framework agreement ,1500,2300,8,1500,2300,8,1500,2300,8,395,,,Yes,,,,,3.6,9,9,3.6,9,3.6,9,,,C,Mutually Exclusive to A,,,LN1 2,
147.029,Accepted,NA,Centrica Business Solutions Uk Optimisation UK Ltd,CBSO-2,DNO connection,DSF: Distributed generation (for export),31/03/2022,30/04/2022,31.03.22 - 30.04.22 (1 months),As per FFR framework agreement ,2300,700,8,2300,700,8,2300,700,8,26.6,,,No,,,,,,,,,,,,,,A,,,7,BS2 8,
147.03,Accepted,NA,Centrica Business Solutions Uk Optimisation UK Ltd,CBSO-2,DNO connection,DSF: Distributed generation (for export),01/04/2022,30/04/2022,01.04.22 - 30.04.22 (1 months),As per FFR framework agreement ,700,1500,8,700,1500,8,700,1500,8,26.6,,,No,,,,,,,,,,,,,,B,,,7,BS2 8,
147.031,Accepted,NA,Centrica Business Solutions Uk Optimisation UK Ltd,CBSO-2,DNO connection,DSF: Distributed generation (for export),01/04/2022,30/04/2022,01.04.22 - 30.04.22 (1 months),As per FFR framework agreement ,1500,2300,8,1500,2300,8,1500,2300,8,26.6,,,No,,,,,,,,,,,,,,C,,,7,BS2 8,
147.032,Accepted,NA,City Energy Management Services Ltd.,CMFH-1,DNO connection,DSF: Load response,31/03/2022,30/04/2022,31.03.22 - 30.04.22 (1 months),As per FFR framework agreement ,2300,1100,12,2300,1100,12,2300,1100,12,3.95,,,,,,,,,,,,,,,,,, ,,1,,
147.033,Accepted,NA,City Energy Management Services Ltd.,CMFH-1,DNO connection,DSF: Load response,01/04/2022,30/04/2022,01.04.22 - 30.04.22 (1 months),As per FFR framework agreement ,1100,1500,4,1100,1500,4,1100,1500,4,7.9,,,,,,,,,,,,,,,,,,,,2,,
147.034,Accepted,NA,City Energy Management Services Ltd.,CMFH-1,DNO connection,DSF: Load response,01/04/2022,30/04/2022,01.04.22 - 30.04.22 (1 months),As per FFR framework agreement ,1900,2300,4,1900,2300,4,1900,2300,4,7.9,,,,,,,,,,,,,,,,,,,,2,,
147.035,Accepted,NA,EDF Energy Customers Limited,EDFE-4,DNO connection,DSF: Storage (for export),31/03/2022,30/04/2022,31.03.22 - 30.04.22 (1 months),As per FFR framework agreement ,2300,2300,24,2300,2300,24,2300,2300,24,68.94,,,,,,,,2.4,6,6,2.4,6,2.4,6,,,, ,,,MK45,
147.036,Accepted,NA,EDF Energy Customers Limited,EDFE-8,DNO connection,DSF: Storage (for export),31/03/2022,30/04/2022,31.03.22 - 30.04.22 (1 months),As per FFR framework agreement ,2300,700,8,2300,700,8,2300,700,8,195,,,,,,,,8,20,20,8,20,8,20,,,,,,,SY8 2,
147.037,Accepted,NA,EDF Energy Customers Limited,EDFE-8,DNO connection,DSF: Storage (for export),01/04/2022,30/04/2022,01.04.22 - 30.04.22 (1 months),As per FFR framework agreement ,700,1500,8,700,1500,8,700,1500,8,240,,,,,,,,8,20,20,8,20,8,20,,,,,,,SY8 2,
147.038,Accepted,NA,EDF Energy Customers Limited,EDFE-8,DNO connection,DSF: Storage (for export),01/04/2022,30/04/2022,01.04.22 - 30.04.22 (1 months),As per FFR framework agreement ,1500,2300,8,1500,2300,8,1500,2300,8,530,,,,,,,,8,20,20,8,20,8,20,,,,,,,SY8 2,
147.039,Rejected,2,EDF Energy Customers Limited,KEMB-1,TO connection,DSF: Storage (for export),31/03/2022,30/04/2022,31.03.22 - 30.04.22 (1 months),As per FFR framework agreement ,2300,700,8,2300,700,8,2300,700,8,710.5,,,YES,,,,,19.6,49,49,19.6,49,19.6,49,,,,,,,ME10,
147.04,Rejected,2,EDF Energy Customers Limited,KEMB-1,TO connection,DSF: Storage (for export),01/04/2022,30/04/2022,01.04.22 - 30.04.22 (1 months),As per FFR framework agreement ,700,1500,8,700,1500,8,700,1500,8,710.5,,,YES,,,,,19.6,49,49,19.6,49,19.6,49,,,,,,,ME10,
147.041,Accepted,NA,EDF Energy Customers Limited,KEMB-1,TO connection,DSF: Storage (for export),01/04/2022,30/04/2022,01.04.22 - 30.04.22 (1 months),As per FFR framework agreement ,1500,2300,8,1500,2300,8,1500,2300,8,1372,,,YES,,,,,19.6,49,49,19.6,49,19.6,49,,,,,,,ME10,
147.042,Accepted,NA,EDF Energy Customers Limited,EDFE-2,DNO connection,DSF: Storage (for export),31/03/2022,30/04/2022,31.03.22 - 30.04.22 (1 months),As per FFR framework agreement ,2300,2300,24,2300,2300,24,2300,2300,24,115.68,,,,,,,,3.2,8,8,3.2,8,3.2,8,,,,,,,DA1 5,
147.043,Accepted,NA,EDF Energy Customers Limited,EDFE-6,DNO connection,DSF: Storage (for export),31/03/2022,30/04/2022,31.03.22 - 30.04.22 (1 months),As per FFR framework agreement ,2300,2300,24,2300,2300,24,2300,2300,24,101.29,,,,,,,,2.8,7,7,2.8,7,2.8,7,,,,,,,NG21,
147.044,Rejected,2,EDF Energy Customers Limited,AG-AEDF02,DNO connection,DSF: Storage (for export),31/03/2022,30/04/2022,31.03.22 - 30.04.22 (1 months),As per FFR framework agreement ,2300,1500,16,2300,1500,16,2300,1500,16,735,,,YES,,,,,19.6,49,49,19.6,49,15.6,39,,,A,,,,IP13,
147.045,Rejected,2,EDF Energy Customers Limited,AG-AEDF02,DNO connection,DSF: Storage (for export),01/04/2022,30/04/2022,01.04.22 - 30.04.22 (1 months),As per FFR framework agreement ,1500,2300,8,1500,2300,8,1500,2300,8,1372,,,YES,,,,,19.6,49,49,19.6,49,15.6,39,,,A,,,,IP13,
147.046,Rejected,2,EDF Energy Customers Limited,AG -GEDF01 ,DNO connection,DSF: Storage (for export),31/03/2022,30/04/2022,31.03.22 - 30.04.22 (1 months),As per FFR framework agreement ,2300,700,8,2300,700,8,2300,700,8,290,,,YES,,,,,8,20,20,8,20,8,20,,,,,,,SK10,
147.047,Rejected,2,EDF Energy Customers Limited,AG -GEDF01 ,DNO connection,DSF: Storage (for export),01/04/2022,30/04/2022,01.04.22 - 30.04.22 (1 months),As per FFR framework agreement ,700,1500,8,700,1500,8,700,1500,8,290,,,YES,,,,,8,20,20,8,20,8,20,,,,,,,SK10,
147.048,Accepted,NA,EDF Energy Customers Limited,AG -GEDF01 ,DNO connection,DSF: Storage (for export),01/04/2022,30/04/2022,01.04.22 - 30.04.22 (1 months),As per FFR framework agreement ,1500,2300,8,1500,2300,8,1500,2300,8,540,,,YES,,,,,8,20,20,8,20,8,20,,,,,,,SK10,
147.049,Rejected,2,EDF Energy Customers Limited,AG -GEDF02,DNO connection,DSF: Storage (for export),31/03/2022,30/04/2022,31.03.22 - 30.04.22 (1 months),As per FFR framework agreement ,2300,700,8,2300,700,8,2300,700,8,260,,,YES,,,,,8,20,20,8,20,8,20,,,,,,,BL9 5,
147.05,Rejected,2,EDF Energy Customers Limited,AG -GEDF02,DNO connection,DSF: Storage (for export),01/04/2022,30/04/2022,01.04.22 - 30.04.22 (1 months),As per FFR framework agreement ,700,1500,8,700,1500,8,700,1500,8,260,,,YES,,,,,8,20,20,8,20,8,20,,,,,,,BL9 5,
147.051,Accepted,NA,EDF Energy Customers Limited,AG -GEDF02,DNO connection,DSF: Storage (for export),01/04/2022,30/04/2022,01.04.22 - 30.04.22 (1 months),As per FFR framework agreement ,1500,2300,8,1500,2300,8,1500,2300,8,520,,,YES,,,,,8,20,20,8,20,8,20,,,,,,,BL9 5,
147.052,Rejected,2,EDF Energy Customers Limited,EDFE-10,DNO connection,DSF: Storage (for export),31/03/2022,30/04/2022,31.03.22 - 30.04.22 (1 months),As per FFR framework agreement ,2300,700,8,2300,700,8,2300,700,8,435,,,,,,,,11.6,29,29,11.6,29,8,28,,,,,,,SN5 8,
147.053,Rejected,2,EDF Energy Customers Limited,EDFE-10,DNO connection,DSF: Storage (for export),01/04/2022,30/04/2022,01.04.22 - 30.04.22 (1 months),As per FFR framework agreement ,700,1500,8,700,1500,8,700,1500,8,435,,,,,,,,11.6,29,29,11.6,29,11.2,28,,,,,,,SN5 8,
147.054,Accepted,NA,EDF Energy Customers Limited,EDFE-10,DNO connection,DSF: Storage (for export),01/04/2022,30/04/2022,01.04.22 - 30.04.22 (1 months),As per FFR framework agreement ,1500,2300,8,1500,2300,8,1500,2300,8,870,,,,,,,,11.6,29,29,11.6,29,11.2,28,,,,,,,SN5 8,
147.055,Accepted,NA,First Renewable Alpha Limited,TREGN-1,DNO connection,Diesel,31/03/2022,30/04/2022,31.03.22 - 30.04.22 (1 months),As per FFR framework agreement ,2300,700,8,2300,700,8,2300,700,8,76,,,,,,,,,,,,,,,,,, ,,20,PL32,
147.056,Accepted,NA,First Renewable Alpha Limited,TREGN-1,DNO connection,Diesel,01/04/2022,30/04/2022,01.04.22 - 30.04.22 (1 months),As per FFR framework agreement ,700,1500,8,700,1500,8,700,1500,8,76,,,,,,,,,,,,,,,,,,,,20,PL32,
147.057,Accepted,NA,First Renewable Alpha Limited,TREGN-1,DNO connection,Diesel,01/04/2022,30/04/2022,01.04.22 - 30.04.22 (1 months),As per FFR framework agreement ,1500,2300,8,1500,2300,8,1500,2300,8,76,,,,,,,,,,,,,,,,,,,,20,PL32,
147.058,Accepted,NA,Flexitricity Limited,AG-FLX00L,DNO connection,DSF: Storage (for export),31/03/2022,30/04/2022,31.03.22 - 30.04.22 (1 months),As per FFR framework agreement ,2300,700,8,2300,700,8,2300,700,8,37.8,0,,YES,,,,,1.6,4,4,1.6,4,1.6,4,,,, ,,,EX34/EX31,
147.059,Accepted,NA,Flexitricity Limited,AG-FLX00L,DNO connection,DSF: Storage (for export),01/04/2022,30/04/2022,01.04.22 - 30.04.22 (1 months),As per FFR framework agreement ,700,1500,8,700,1500,8,700,1500,8,40.49,0,,YES,,,,,1.6,4,4,1.6,4,1.6,4,,,,,,,EX34/EX31,
147.06,Accepted,NA,Flexitricity Limited,AG-FLX00L,DNO connection,DSF: Storage (for export),01/04/2022,30/04/2022,01.04.22 - 30.04.22 (1 months),As per FFR framework agreement ,1500,2300,8,1500,2300,8,1500,2300,8,91.4,0,,YES,,,,,1.6,4,4,1.6,4,1.6,4,,,,,,,EX34/EX31,
147.061,Accepted,NA,Flexitricity Limited,AG-BFLX01,DNO connection,DSF: Storage (for export),31/03/2022,30/04/2022,31.03.22 - 30.04.22 (1 months),As per FFR framework agreement ,2300,700,8,2300,700,8,2300,700,8,66.08,0,,YES,,,,,2.8,7,7,2.8,7,2.8,7,,,,,,,NG32,
147.062,Accepted,NA,Flexitricity Limited,AG-BFLX01,DNO connection,DSF: Storage (for export),01/04/2022,30/04/2022,01.04.22 - 30.04.22 (1 months),As per FFR framework agreement ,700,1500,8,700,1500,8,700,1500,8,75.87,0,,YES,,,,,2.8,7,7,2.8,7,2.8,7,,,,,,,NG32,
147.063,Accepted,NA,Flexitricity Limited,AG-BFLX01,DNO connection,DSF: Storage (for export),01/04/2022,30/04/2022,01.04.22 - 30.04.22 (1 months),As per FFR framework agreement ,1500,2300,8,1500,2300,8,1500,2300,8,159.88,0,,YES,,,,,2.8,7,7,2.8,7,2.8,7,,,,,,,NG32,
147.064,Accepted,NA,Flexitricity Limited,AG-BFLX02,DNO connection,DSF: Storage (for export),31/03/2022,30/04/2022,31.03.22 - 30.04.22 (1 months),As per FFR framework agreement ,2300,700,8,2300,700,8,2300,700,8,94.2,0,,YES,,,,,4,10,10,4,10,4,10,,,,,,,DE12,
147.065,Accepted,NA,Flexitricity Limited,AG-BFLX02,DNO connection,DSF: Storage (for export),01/04/2022,30/04/2022,01.04.22 - 30.04.22 (1 months),As per FFR framework agreement ,700,1500,8,700,1500,8,700,1500,8,111.1,0,,YES,,,,,4,10,10,4,10,4,10,,,,,,,DE12,
147.066,Accepted,NA,Flexitricity Limited,AG-BFLX02,DNO connection,DSF: Storage (for export),01/04/2022,30/04/2022,01.04.22 - 30.04.22 (1 months),As per FFR framework agreement ,1500,2300,8,1500,2300,8,1500,2300,8,228.2,0,,YES,,,,,4,10,10,4,10,4,10,,,,,,,DE12,
147.067,Accepted,NA,Flexitricity Limited,AG-EFLX01,DNO connection,DSF: Storage (for export),31/03/2022,30/04/2022,31.03.22 - 30.04.22 (1 months),As per FFR framework agreement ,2300,700,8,2300,700,8,2300,700,8,178.79,0,,YES,,,,,7.6,19,19,7.6,19,7.6,19,,,,,,,HR1 4,
147.068,Accepted,NA,Flexitricity Limited,AG-EFLX01,DNO connection,DSF: Storage (for export),01/04/2022,30/04/2022,01.04.22 - 30.04.22 (1 months),As per FFR framework agreement ,700,1500,8,700,1500,8,700,1500,8,210.19,0,,YES,,,,,7.6,19,19,7.6,19,7.6,19,,,,,,,HR1 4,
147.069,Accepted,NA,Flexitricity Limited,AG-EFLX01,DNO connection,DSF: Storage (for export),01/04/2022,30/04/2022,01.04.22 - 30.04.22 (1 months),As per FFR framework agreement ,1500,2300,8,1500,2300,8,1500,2300,8,433.3,0,,YES,,,,,7.6,19,19,7.6,19,7.6,19,,,,,,,HR1 4,
147.07,Accepted,NA,Flexitricity Limited,AG-NFLX01,DNO connection,DSF: Storage (for export),31/03/2022,30/04/2022,31.03.22 - 30.04.22 (1 months),As per FFR framework agreement ,2300,700,8,2300,700,8,2300,700,8,75.44,0,,YES,,,,,3.2,8,8,3.2,8,3.2,8,,,,,,,KY1 3,
147.071,Accepted,NA,Flexitricity Limited,AG-NFLX01,DNO connection,DSF: Storage (for export),01/04/2022,30/04/2022,01.04.22 - 30.04.22 (1 months),As per FFR framework agreement ,1900,2300,4,1900,2300,4,1900,2300,4,182.64,0,,YES,,,,,3.2,8,8,3.2,8,3.2,8,,,,,,,KY1 3,
147.072,Accepted,NA,Flexitricity Limited,AG-NFLX01,DNO connection,DSF: Storage (for export),01/04/2022,30/04/2022,01.04.22 - 30.04.22 (1 months),As per FFR framework agreement ,,,,700,1500,8,700,1500,8,87.6,0,,YES,,,,,3.2,8,8,3.2,8,3.2,8,,,A,,,,KY1 3,
147.073,Accepted,NA,Flexitricity Limited,AG-NFLX01,DNO connection,DSF: Storage (for export),01/04/2022,30/04/2022,01.04.22 - 30.04.22 (1 months),As per FFR framework agreement ,,,,1500,1900,4,1500,1900,4,182.64,0,,YES,,,,,3.2,8,8,3.2,8,3.2,8,,,A,,,,KY1 3,
147.074,Rejected,2,Flexitricity Limited,AG-MFLX02,DNO connection,DSF: Storage (for export),31/03/2022,30/04/2022,31.03.22 - 30.04.22 (1 months),As per FFR framework agreement ,2300,700,8,2300,700,8,2300,700,8,697.27,0,,YES,,,,,19.96,49,49,19.96,49,19.96,49,,,,,,,S66 9,
147.075,Rejected,2,Flexitricity Limited,AG-MFLX02,DNO connection,DSF: Storage (for export),01/04/2022,30/04/2022,01.04.22 - 30.04.22 (1 months),As per FFR framework agreement ,700,1500,8,700,1500,8,700,1500,8,657.58,0,,YES,,,,,19.96,49,49,19.96,49,19.96,49,,,,,,,S66 9,
147.076,Accepted,NA,Flexitricity Limited,AG-MFLX02,DNO connection,DSF: Storage (for export),01/04/2022,30/04/2022,01.04.22 - 30.04.22 (1 months),As per FFR framework agreement ,1500,2300,8,1500,2300,8,1500,2300,8,"1,366.61",0,,YES,,,,,19.96,49,49,19.96,49,19.96,49,,,,,,,S66 9,
147.077,Accepted,NA,GridBeyond Limited,GBND-2,DNO connection,DSF: Load response,31/03/2022,30/04/2022,31.03.22 - 30.04.22 (1 months),As per FFR framework agreement ,2300,700,8,,,,,,,225,,,,,,,,12,30,30,12,30,6,15,,,A, ,,,,
147.078,Accepted,NA,GridBeyond Limited,GBND-2,DNO connection,DSF: Load response,01/04/2022,30/04/2022,01.04.22 - 30.04.22 (1 months),As per FFR framework agreement ,700,1500,8,,,,,,,223.5,,,,,,,,12,30,30,12,30,6,15,,,B,,,,,
147.079,Accepted,NA,GridBeyond Limited,GBND-2,DNO connection,DSF: Load response,01/04/2022,30/04/2022,01.04.22 - 30.04.22 (1 months),As per FFR framework agreement ,1500,2300,8,,,,,,,569.5,,,,,,,,10.4,26,26,10.4,26,6,15,,,C,,,,,
147.08,Accepted,NA,GridBeyond Limited,GBND-2,DNO connection,DSF: Load response,31/03/2022,30/04/2022,31.03.22 - 30.04.22 (1 months),As per FFR framework agreement ,,,,2300,700,8,,,,147,,,,,,,,6.8,17,17,6.8,17,6,15,,,A,,,,,
147.081,Accepted,NA,GridBeyond Limited,GBND-2,DNO connection,DSF: Load response,01/04/2022,30/04/2022,01.04.22 - 30.04.22 (1 months),As per FFR framework agreement ,,,,700,1500,8,,,,157.94,,,,,,,,7.6,19,19,7.6,19,6,15,,,B,,,,,
147.082,Accepted,NA,GridBeyond Limited,GBND-2,DNO connection,DSF: Load response,01/04/2022,30/04/2022,01.04.22 - 30.04.22 (1 months),As per FFR framework agreement ,,,,1500,2300,8,,,,399.5,,,,,,,,6.4,16,16,6.4,16,6,15,,,C,,,,,
147.083,Accepted,NA,GridBeyond Limited,GBND-2,DNO connection,DSF: Load response,31/03/2022,30/04/2022,31.03.22 - 30.04.22 (1 months),As per FFR framework agreement ,,,,,,,2300,700,8,120,,,,,,,,5.2,13,13,5.2,13,5.6,14,,,A,,,,,
147.084,Accepted,NA,GridBeyond Limited,GBND-2,DNO connection,DSF: Load response,01/04/2022,30/04/2022,01.04.22 - 30.04.22 (1 months),As per FFR framework agreement ,,,,,,,700,1500,8,119.2,,,,,,,,5.2,13,13,5.2,13,5.6,14,,,B,,,,,
147.085,Accepted,NA,GridBeyond Limited,GBND-2,DNO connection,DSF: Load response,01/04/2022,30/04/2022,01.04.22 - 30.04.22 (1 months),As per FFR framework agreement ,,,,,,,1500,2300,8,391,,,,,,,,6.4,16,16,6.4,16,5.6,14,,,C,,,,,
147.086,Accepted,NA,GridBeyond Limited,ENDSR-1,DNO connection,DSF: Load response,31/03/2022,30/04/2022,31.03.22 - 30.04.22 (1 months),As per FFR framework agreement ,2300,700,8,2300,700,8,2300,700,8,15.92,,,,,,,,,,,,,,,,,,,,4,,
147.087,Accepted,NA,GridBeyond Limited,ENDSR-1,DNO connection,DSF: Load response,01/04/2022,30/04/2022,01.04.22 - 30.04.22 (1 months),As per FFR framework agreement ,700,1500,8,700,1500,8,700,1500,8,11.94,,,,,,,,,,,,,,,,,,,,3,,
147.088,Rejected,2,GridBeyond Limited,ENDSR-1,DNO connection,DSF: Load response,01/04/2022,30/04/2022,01.04.22 - 30.04.22 (1 months),As per FFR framework agreement ,1500,2300,8,1500,2300,8,1500,2300,8,13.5,,,,,,,,,,,,,,,,,,,,3,,
147.089,Accepted,NA,GridBeyond Limited,ENDSR-2,DNO connection,DSF: Load response,31/03/2022,30/04/2022,31.03.22 - 30.04.22 (1 months),As per FFR framework agreement ,2300,700,8,2300,700,8,2300,700,8,11.94,,,,,,,,,,,,,,,,,,,,3,,
147.09,Accepted,NA,GridBeyond Limited,ENDSR-2,DNO connection,DSF: Load response,01/04/2022,30/04/2022,01.04.22 - 30.04.22 (1 months),As per FFR framework agreement ,700,1500,8,700,1500,8,700,1500,8,11.94,,,,,,,,,,,,,,,,,,,,3,,
147.091,Accepted,NA,GridBeyond Limited,ENDSR-2,DNO connection,DSF: Load response,01/04/2022,30/04/2022,01.04.22 - 30.04.22 (1 months),As per FFR framework agreement ,1500,2300,8,1500,2300,8,1500,2300,8,11.94,,,,,,,,,,,,,,,,,,,,3,,
147.092,Accepted,NA,GridBeyond Limited,ENDSR-4,DNO connection,DSF: Load response,31/03/2022,30/04/2022,31.03.22 - 30.04.22 (1 months),As per FFR framework agreement ,2300,700,8,2300,700,8,2300,700,8,11.94,,,,,,,,,,,,,,,,,,,,3,,
147.093,Accepted,NA,GridBeyond Limited,ENDSR-4,DNO connection,DSF: Load response,01/04/2022,30/04/2022,01.04.22 - 30.04.22 (1 months),As per FFR framework agreement ,700,1500,8,700,1500,8,700,1500,8,15.92,,,,,,,,,,,,,,,,,,,,4,,
147.094,Accepted,NA,GridBeyond Limited,ENDSR-4,DNO connection,DSF: Load response,01/04/2022,30/04/2022,01.04.22 - 30.04.22 (1 months),As per FFR framework agreement ,1500,2300,8,1500,2300,8,1500,2300,8,11.94,,,,,,,,,,,,,,,,,,,,3,,
147.095,Accepted,NA,GridBeyond Limited,ENDSR-3,DNO connection,DSF: Load response,31/03/2022,30/04/2022,31.03.22 - 30.04.22 (1 months),As per FFR framework agreement ,2300,700,8,2300,700,8,2300,700,8,15.92,,,,,,,,,,,,,,,,,,,,4,,
147.096,Accepted,NA,GridBeyond Limited,ENDSR-3,DNO connection,DSF: Load response,01/04/2022,30/04/2022,01.04.22 - 30.04.22 (1 months),As per FFR framework agreement ,700,1500,8,700,1500,8,700,1500,8,15.92,,,,,,,,,,,,,,,,,,,,4,,
147.097,Accepted,NA,GridBeyond Limited,ENDSR-3,DNO connection,DSF: Load response,01/04/2022,30/04/2022,01.04.22 - 30.04.22 (1 months),As per FFR framework agreement ,1500,2300,8,1500,2300,8,1500,2300,8,15.92,,,,,,,,,,,,,,,,,,,,4,,
147.098,Accepted,NA,GridBeyond Limited,ENDSR-6,DNO connection,DSF: Load response,31/03/2022,30/04/2022,31.03.22 - 30.04.22 (1 months),As per FFR framework agreement ,2300,700,8,2300,700,8,2300,700,8,79.6,,,,,,,,,,,,,,,,,,,,20,,
147.099,Accepted,NA,GridBeyond Limited,ENDSR-6,DNO connection,DSF: Load response,01/04/2022,30/04/2022,01.04.22 - 30.04.22 (1 months),As per FFR framework agreement ,700,1500,8,700,1500,8,700,1500,8,79.6,,,,,,,,,,,,,,,,,,,,20,,
147.1,Accepted,NA,GridBeyond Limited,ENDSR-6,DNO connection,DSF: Load response,01/04/2022,30/04/2022,01.04.22 - 30.04.22 (1 months),As per FFR framework agreement ,1500,2300,8,1500,2300,8,1500,2300,8,79.6,,,,,,,,,,,,,,,,,,,,20,,
147.101,Accepted,NA,GridBeyond Limited,ENDSR-8,DNO connection,DSF: Load response,31/03/2022,30/04/2022,31.03.22 - 30.04.22 (1 months),As per FFR framework agreement ,2300,700,8,2300,700,8,2300,700,8,27.86,,,,,,,,,,,,,,,,,,,,7,,
147.102,Accepted,NA,GridBeyond Limited,ENDSR-8,DNO connection,DSF: Load response,01/04/2022,30/04/2022,01.04.22 - 30.04.22 (1 months),As per FFR framework agreement ,700,1500,8,700,1500,8,700,1500,8,27.86,,,,,,,,,,,,,,,,,,,,7,,
147.103,Accepted,NA,GridBeyond Limited,ENDSR-8,DNO connection,DSF: Load response,01/04/2022,30/04/2022,01.04.22 - 30.04.22 (1 months),As per FFR framework agreement ,1500,2300,8,1500,2300,8,1500,2300,8,27.86,,,,,,,,,,,,,,,,,,,,7,,
147.104,Accepted,NA,GridBeyond Limited,ENDSR-9,DNO connection,DSF: Load response,31/03/2022,30/04/2022,31.03.22 - 30.04.22 (1 months),As per FFR framework agreement ,2300,700,8,2300,700,8,2300,700,8,31.84,,,,,,,,,,,,,,,,,,,,8,,
147.105,Accepted,NA,GridBeyond Limited,ENDSR-9,DNO connection,DSF: Load response,01/04/2022,30/04/2022,01.04.22 - 30.04.22 (1 months),As per FFR framework agreement ,700,1500,8,700,1500,8,700,1500,8,31.84,,,,,,,,,,,,,,,,,,,,8,,
147.106,Accepted,NA,GridBeyond Limited,ENDSR-9,DNO connection,DSF: Load response,01/04/2022,30/04/2022,01.04.22 - 30.04.22 (1 months),As per FFR framework agreement ,1500,2300,8,1500,2300,8,1500,2300,8,31.84,,,,,,,,,,,,,,,,,,,,8,,
147.107,Accepted,NA,GridBeyond Limited,ENDSR-5,DNO connection,DSF: Load response,31/03/2022,30/04/2022,31.03.22 - 30.04.22 (1 months),As per FFR framework agreement ,2300,700,8,,,,,,,71.64,,,,,,,,,,,,,,,,,D,,,18,,
147.108,Accepted,NA,GridBeyond Limited,ENDSR-5,DNO connection,DSF: Load response,01/04/2022,30/04/2022,01.04.22 - 30.04.22 (1 months),As per FFR framework agreement ,700,1500,8,,,,,,,63.68,,,,,,,,,,,,,,,,,E,,,16,,
147.109,Accepted,NA,GridBeyond Limited,ENDSR-5,DNO connection,DSF: Load response,01/04/2022,30/04/2022,01.04.22 - 30.04.22 (1 months),As per FFR framework agreement ,1500,2300,8,,,,,,,63.68,,,,,,,,,,,,,,,,,F,,,16,,
147.11,Accepted,NA,GridBeyond Limited,ENDSR-5,DNO connection,DSF: Load response,31/03/2022,30/04/2022,31.03.22 - 30.04.22 (1 months),As per FFR framework agreement ,,,,2300,700,8,2300,700,8,59.7,,,,,,,,,,,,,,,,,D,,,15,,
147.111,Accepted,NA,GridBeyond Limited,ENDSR-5,DNO connection,DSF: Load response,01/04/2022,30/04/2022,01.04.22 - 30.04.22 (1 months),As per FFR framework agreement ,,,,700,1500,8,700,1500,8,59.7,,,,,,,,,,,,,,,,,E,,,15,,
147.112,Accepted,NA,GridBeyond Limited,ENDSR-5,DNO connection,DSF: Load response,01/04/2022,30/04/2022,01.04.22 - 30.04.22 (1 months),As per FFR framework agreement ,,,,1500,2300,8,1500,2300,8,59.7,,,,,,,,,,,,,,,,,F,,,15,,
147.113,Accepted,NA,GridBeyond Limited,ENDSR-7,DNO connection,DSF: Load response,31/03/2022,30/04/2022,31.03.22 - 30.04.22 (1 months),As per FFR framework agreement ,2300,700,8,2300,700,8,2300,700,8,51.74,,,,,,,,,,,,,,,,,,,,13,,
147.114,Accepted,NA,GridBeyond Limited,ENDSR-7,DNO connection,DSF: Load response,01/04/2022,30/04/2022,01.04.22 - 30.04.22 (1 months),As per FFR framework agreement ,700,1500,8,700,1500,8,700,1500,8,51.74,,,,,,,,,,,,,,,,,,,,13,,
147.115,Accepted,NA,GridBeyond Limited,ENDSR-7,DNO connection,DSF: Load response,01/04/2022,30/04/2022,01.04.22 - 30.04.22 (1 months),As per FFR framework agreement ,1500,2300,8,1500,2300,8,1500,2300,8,51.74,,,,,,,,,,,,,,,,,,,,13,,
147.116,Rejected,2,Habitat Energy Limited,COWB-1,TO connection,Battery,31/03/2022,30/04/2022,31.03.22 - 30.04.22 (1 months),As per FFR framework agreement ,2300,700,8,2300,700,8,2300,700,8,575,-,-,YES,,,,,18.4,46,46,18.4,46,18.4,46,,,, ,,,OX4 7,
147.118,Accepted,NA,Habitat Energy Limited,COWB-1,TO connection,Battery,01/04/2022,30/04/2022,01.04.22 - 30.04.22 (1 months),As per FFR framework agreement ,1500,1900,4,1500,1900,4,1500,1900,4,1080,-,-,YES,,,,,16,40,40,16,40,16,40,,,,,,,OX4 7,
147.12,Accepted,NA,Habitat Energy Limited,AG-HEL00G,DNO connection,DSF: Storage (for export),01/04/2022,30/04/2022,01.04.22 - 30.04.22 (1 months),As per FFR framework agreement ,1500,1900,4,1500,1900,4,1500,1900,4,1151.04,-,-,YES,,,,,17.6,44,44,17.6,44,17.6,44,,,,,,,PR2 5,
147.122,Accepted,NA,Habitat Energy Limited,AG-HEL01H,DNO connection,DSF: Storage (for export),01/04/2022,30/04/2022,01.04.22 - 30.04.22 (1 months),As per FFR framework agreement ,1500,1900,4,1500,1900,4,1500,1900,4,482.76,-,-,YES,,,,,7.2,18,18,7.2,18,6.4,16,,,,,,,SN12 ,
147.127,Accepted,NA,Kiwi Power Ltd,KIWIS-1,DNO connection,DSF: Load response,31/03/2022,30/04/2022,31.03.22 - 30.04.22 (1 months),As per FFR framework agreement ,2300,700,8,2300,700,8,2300,700,8,55.5,,,,,,,,,,,,,,,,,, ,,15,"S33 6,ST10 ",
147.128,Accepted,NA,Kiwi Power Ltd,KIWIS-1,DNO connection,DSF: Load response,01/04/2022,30/04/2022,01.04.22 - 30.04.22 (1 months),As per FFR framework agreement ,700,1500,8,700,1500,8,700,1500,8,56.25,,,,,,,,,,,,,,,,,,,,15,"S33 6,ST10 ",
147.129,Accepted,NA,Kiwi Power Ltd,KIWIS-1,DNO connection,DSF: Load response,01/04/2022,30/04/2022,01.04.22 - 30.04.22 (1 months),As per FFR framework agreement ,1500,2300,8,1500,2300,8,1500,2300,8,57,,,,,,,,,,,,,,,,,,,,15,"S33 6,ST10 ",
147.13,Accepted,NA,Kiwi Power Ltd,KIWIS-2,DNO connection,DSF: Load response,31/03/2022,30/04/2022,31.03.22 - 30.04.22 (1 months),As per FFR framework agreement ,2300,700,8,2300,700,8,2300,700,8,37,,,,,,,,,,,,,,,,,,,,10,N/A,
147.131,Accepted,NA,Kiwi Power Ltd,KIWIS-2,DNO connection,DSF: Load response,01/04/2022,30/04/2022,01.04.22 - 30.04.22 (1 months),As per FFR framework agreement ,700,1500,8,700,1500,8,700,1500,8,37.5,,,,,,,,,,,,,,,,,,,,10,N/A,
147.132,Accepted,NA,Kiwi Power Ltd,KIWIS-2,DNO connection,DSF: Load response,01/04/2022,30/04/2022,01.04.22 - 30.04.22 (1 months),As per FFR framework agreement ,1500,2300,8,1500,2300,8,1500,2300,8,38,,,,,,,,,,,,,,,,,,,,10,N/A,
147.133,Accepted,NA,Kiwi Power Ltd,KIWIS-3,DNO connection,DSF: Load response,31/03/2022,30/04/2022,31.03.22 - 30.04.22 (1 months),As per FFR framework agreement ,2300,700,8,2300,700,8,2300,700,8,11.1,,,,,,,,,,,,,,,,,,,,3,N/A,
147.134,Accepted,NA,Kiwi Power Ltd,KIWIS-3,DNO connection,DSF: Load response,01/04/2022,30/04/2022,01.04.22 - 30.04.22 (1 months),As per FFR framework agreement ,700,1500,8,700,1500,8,700,1500,8,11.25,,,,,,,,,,,,,,,,,,,,3,N/A,
147.135,Accepted,NA,Kiwi Power Ltd,KIWIS-3,DNO connection,DSF: Load response,01/04/2022,30/04/2022,01.04.22 - 30.04.22 (1 months),As per FFR framework agreement ,1500,2300,8,1500,2300,8,1500,2300,8,11.4,,,,,,,,,,,,,,,,,,,,3,N/A,
147.136,Accepted,NA,Kiwi Power Ltd,KIWIS-4,DNO connection,DSF: Load response,31/03/2022,30/04/2022,31.03.22 - 30.04.22 (1 months),As per FFR framework agreement ,2300,700,8,2300,700,8,2300,700,8,29.6,,,,,,,,,,,,,,,,,,,,8,N/A,
147.137,Accepted,NA,Kiwi Power Ltd,KIWIS-4,DNO connection,DSF: Load response,01/04/2022,30/04/2022,01.04.22 - 30.04.22 (1 months),As per FFR framework agreement ,700,1500,8,700,1500,8,700,1500,8,30,,,,,,,,,,,,,,,,,,,,8,N/A,
147.138,Accepted,NA,Kiwi Power Ltd,KIWIS-4,DNO connection,DSF: Load response,01/04/2022,30/04/2022,01.04.22 - 30.04.22 (1 months),As per FFR framework agreement ,1500,2300,8,1500,2300,8,1500,2300,8,30.4,,,,,,,,,,,,,,,,,,,,8,N/A,
147.139,Accepted,NA,Kiwi Power Ltd,KIWIE-5,DNO connection,DSF: Storage (onsite),31/03/2022,30/04/2022,31.03.22 - 30.04.22 (1 months),As per FFR framework agreement ,2300,2300,24,2300,2300,24,2300,2300,24,69.5,,,,,,,,2,5,5,2,5,2,5,,,, ,,,TS13 ,
147.14,Rejected,2,Kiwi Power Ltd,KIWIE-2,DNO connection,DSF: Storage (onsite),31/03/2022,30/04/2022,31.03.22 - 30.04.22 (1 months),As per FFR framework agreement ,2300,700,8,2300,700,8,2300,700,8,56.72,,,,,,,,1.6,4,4,1.6,4,1.6,4,,,,,,,CF33,
147.141,Rejected,2,Kiwi Power Ltd,KIWIE-2,DNO connection,DSF: Storage (onsite),01/04/2022,30/04/2022,01.04.22 - 30.04.22 (1 months),As per FFR framework agreement ,700,1500,8,700,1500,8,700,1500,8,54.52,,,,,,,,1.6,4,4,1.6,4,1.6,4,,,,,,,CF33,
147.142,Accepted,NA,Kiwi Power Ltd,KIWIE-2,DNO connection,DSF: Storage (onsite),01/04/2022,30/04/2022,01.04.22 - 30.04.22 (1 months),As per FFR framework agreement ,1500,2300,8,1500,2300,8,1500,2300,8,98.08,,,,,,,,1.6,4,4,1.6,4,1.6,4,,,,,,,CF33,
147.143,Accepted,NA,Kiwi Power Ltd,KIWIDA-1,DNO connection,DSF: Storage (onsite),31/03/2022,30/04/2022,31.03.22 - 30.04.22 (1 months),As per FFR framework agreement ,2300,2300,24,2300,2300,24,2300,2300,24,35,,,,,,,,0.8,2,2,0.8,2,0.8,2,,,,,,,PL6 7,
147.144,Accepted,NA,Limejump Ltd,LJDYN-2,DNO connection,DSF: Storage (for export),31/03/2022,30/04/2022,31.03.22 - 30.04.22 (1 months),As per FFR framework agreement ,2300,2300,24,2300,2300,24,2300,2300,24,103.5,,,,,,,,3.6,9,9,3.6,9,3.6,9,,,A,Mutually Exclusive to B and C,,,YO12,H for 30 minutes only
147.145,Rejected,4,Limejump Ltd,LJDYN-2,DNO connection,DSF: Storage (for export),31/03/2022,30/04/2022,31.03.22 - 30.04.22 (1 months),As per FFR framework agreement ,2300,1500,16,2300,1500,16,2300,1500,16,81.45,,,,,,,,3.6,9,9,3.6,9,3.6,9,,,B,Mutually Exclusive to A,,,YO12,H for 30 minutes only
147.146,Rejected,4,Limejump Ltd,LJDYN-2,DNO connection,DSF: Storage (for export),01/04/2022,30/04/2022,01.04.22 - 30.04.22 (1 months),As per FFR framework agreement ,1500,2300,8,1500,2300,8,1500,2300,8,262.8,,,,,,,,3.6,9,9,3.6,9,3.6,9,,,C,Mutually Exclusive to A,,,YO12,H for 30 minutes only
147.147,Accepted,NA,Open Energi Limited,OPEN-1,DNO connection,DSF: Load response,31/03/2022,30/04/2022,31.03.22 - 30.04.22 (1 months),As per FFR framework agreement ,2300,700,8,2300,700,8,2300,700,8,15.9,,,,,,,,0.8,2,2,0.8,2,0.8,2,,,A, ,,,Aggregated,
147.148,Accepted,NA,Open Energi Limited,OPEN-1,DNO connection,DSF: Load response,01/04/2022,30/04/2022,01.04.22 - 30.04.22 (1 months),As per FFR framework agreement ,700,1500,8,700,1500,8,700,1500,8,15.9,,,,,,,,0.8,2,2,0.8,2,0.8,2,,,B,,,,Aggregated,
147.149,Accepted,NA,Open Energi Limited,OPEN-1,DNO connection,DSF: Load response,01/04/2022,30/04/2022,01.04.22 - 30.04.22 (1 months),As per FFR framework agreement ,1500,2300,8,1500,2300,8,1500,2300,8,22.9,,,,,,,,0.8,2,2,0.8,2,0.8,2,,,C,,,,Aggregated,
147.15,Rejected,2,Erova Energy,V__BEROV001,DNO connection,Battery,31/03/2022,30/04/2022,31.03.22 - 30.04.22 (1 months),As per FFR framework agreement ,2300,2300,24,2300,2300,24,2300,2300,24,179.1,,,,,,,,3.6,9,9,3.6,9,2.8,7,,,D,,,,LE65,
147.151,Rejected,2,OSSPV001 Limited,OEL1-FFR,DNO connection,Battery,31/03/2022,30/04/2022,31.03.22 - 30.04.22 (1 months),As per FFR framework agreement ,2300,700,8,2300,700,8,2300,700,8,126,,,,,,,,3.6,9,9,3.6,9,3.6,9,,,, ,,,,
147.152,Rejected,2,OSSPV001 Limited,OEL1-FFR,DNO connection,Battery,01/04/2022,30/04/2022,01.04.22 - 30.04.22 (1 months),As per FFR framework agreement ,700,1500,8,700,1500,8,700,1500,8,126,,,,,,,,3.6,9,9,3.6,9,3.6,9,,,,,,,,
147.153,Accepted,NA,OSSPV001 Limited,OEL1-FFR,DNO connection,Battery,01/04/2022,30/04/2022,01.04.22 - 30.04.22 (1 months),As per FFR framework agreement ,1500,2300,8,1500,2300,8,1500,2300,8,225,,,,,,,,3.6,9,9,3.6,9,3.6,9,,,,,,,,
147.154,Accepted,NA,Peak Gen,PGFFR-4,DNO connection,DSF: Distributed generation (for export),31/03/2022,30/04/2022,31.03.22 - 30.04.22 (1 months),As per FFR framework agreement ,2300,1500,16,2300,1500,16,2300,1500,16,63.913,,,,,,,,,,,,,,,,,, ,,16,SA10 ,
147.155,Accepted,NA,Peak Gen,PGFFR-5,DNO connection,DSF: Distributed generation (for export),31/03/2022,30/04/2022,31.03.22 - 30.04.22 (1 months),As per FFR framework agreement ,2300,1500,16,2300,1500,16,2300,1500,16,71.825,,,,,,,,,,,,,,,,,,,,18,CF64,
147.156,Accepted,NA,Peak Gen,PGFFR-6,DNO connection,DSF: Distributed generation (for export),31/03/2022,30/04/2022,31.03.22 - 30.04.22 (1 months),As per FFR framework agreement ,2300,1500,16,2300,1500,16,2300,1500,16,71.7982,,,,,,,,,,,,,,,,,,,,18,PO15 5UB,
147.157,Accepted,NA,Peak Gen,PGFFR-7,DNO connection,DSF: Distributed generation (for export),31/03/2022,30/04/2022,31.03.22 - 30.04.22 (1 months),As per FFR framework agreement ,2300,1500,16,2300,1500,16,2300,1500,16,71.8291,,,,,,,,,,,,,,,,,,,,18,EX2 8,
147.158,Accepted,NA,Peak Gen,PGFFR-8,DNO connection,DSF: Distributed generation (for export),31/03/2022,30/04/2022,31.03.22 - 30.04.22 (1 months),As per FFR framework agreement ,2300,1500,16,2300,1500,16,2300,1500,16,71.973,,,,,,,,,,,,,,,,,,,,18,RG42 5NG,
147.159,Accepted,NA,Peak Gen,PGFFR-9,DNO connection,DSF: Distributed generation (for export),31/03/2022,30/04/2022,31.03.22 - 30.04.22 (1 months),As per FFR framework agreement ,2300,1500,16,2300,1500,16,2300,1500,16,63.874,,,,,,,,,,,,,,,,,,,,16,PO9 1,
147.16,Accepted,NA,Social Energy Limited,SOC1-FFR,DNO connection,DSF: Storage (onsite),31/03/2022,30/04/2022,31.03.22 - 30.04.22 (1 months),As per FFR framework agreement ,2300,1100,12,2300,1100,12,2300,1100,12,11.01,,,,,,,,0.4,1,1,0.4,1,0.4,1,,,A, ,,,,H for only 30min
147.161,Accepted,NA,Social Energy Limited,SOC1-FFR,DNO connection,DSF: Storage (onsite),01/04/2022,30/04/2022,01.04.22 - 30.04.22 (1 months),As per FFR framework agreement ,1900,2300,4,1900,2300,4,1900,2300,4,11.01,,,,,,,,0.4,1,1,0.4,1,0.4,1,,,A,,,,,H for only 30min
147.162,Rejected,2,Social Energy Limited,SOC1-FFR,DNO connection,DSF: Storage (onsite),01/04/2022,30/04/2022,01.04.22 - 30.04.22 (1 months),As per FFR framework agreement ,1100,1900,8,1100,1900,8,1100,1900,8,46.4,,,,,,,,0.4,1,1,0.4,1,0.4,1,,,,,,,,H for only 30min
147.163,Accepted,NA,Social Energy Limited,SOC2-FFR,DNO connection,DSF: Storage (onsite),31/03/2022,30/04/2022,31.03.22 - 30.04.22 (1 months),As per FFR framework agreement ,2300,1100,12,2300,1100,12,2300,1100,12,11.21,,,,,,,,0.4,1,1,0.4,1,0.4,1,,,B,,,,,H for only 30min
147.164,Accepted,NA,Social Energy Limited,SOC2-FFR,DNO connection,DSF: Storage (onsite),01/04/2022,30/04/2022,01.04.22 - 30.04.22 (1 months),As per FFR framework agreement ,1900,2300,4,1900,2300,4,1900,2300,4,11.21,,,,,,,,0.4,1,1,0.4,1,0.4,1,,,B,,,,,H for only 30min
147.165,Rejected,2,Social Energy Limited,SOC2-FFR,DNO connection,DSF: Storage (onsite),01/04/2022,30/04/2022,01.04.22 - 30.04.22 (1 months),As per FFR framework agreement ,1100,1900,8,1100,1900,8,1100,1900,8,46.4,,,,,,,,0.4,1,1,0.4,1,0.4,1,,,,,,,,H for only 30min
147.166,Accepted,NA,Social Energy Limited,SOC4-FFR,DNO connection,DSF: Storage (onsite),31/03/2022,30/04/2022,31.03.22 - 30.04.22 (1 months),As per FFR framework agreement ,2300,1100,12,2300,1100,12,2300,1100,12,11.35,,,,,,,,0.4,1,1,0.4,1,0.4,1,,,C,,,,,H for only 30min
147.167,Accepted,NA,Social Energy Limited,SOC4-FFR,DNO connection,DSF: Storage (onsite),01/04/2022,30/04/2022,01.04.22 - 30.04.22 (1 months),As per FFR framework agreement ,1900,2300,4,1900,2300,4,1900,2300,4,11.35,,,,,,,,0.4,1,1,0.4,1,0.4,1,,,C,,,,,H for only 30min
147.168,Rejected,2,Social Energy Limited,SOC4-FFR,DNO connection,DSF: Storage (onsite),01/04/2022,30/04/2022,01.04.22 - 30.04.22 (1 months),As per FFR framework agreement ,1100,1900,8,1100,1900,8,1100,1900,8,46.4,,,,,,,,0.4,1,1,0.4,1,0.4,1,,,,,,,,H for only 30min
147.169,Accepted,NA,Social Energy Limited,SOC5-FFR,DNO connection,DSF: Storage (onsite),31/03/2022,30/04/2022,31.03.22 - 30.04.22 (1 months),As per FFR framework agreement ,2300,1100,12,2300,1100,12,2300,1100,12,11.43,,,,,,,,0.4,1,1,0.4,1,0.4,1,,,D,,,,,H for only 30min
147.17,Accepted,NA,Social Energy Limited,SOC5-FFR,DNO connection,DSF: Storage (onsite),01/04/2022,30/04/2022,01.04.22 - 30.04.22 (1 months),As per FFR framework agreement ,1900,2300,4,1900,2300,4,1900,2300,4,11.43,,,,,,,,0.4,1,1,0.4,1,0.4,1,,,D,,,,,H for only 30min
147.171,Rejected,2,Social Energy Limited,SOC5-FFR,DNO connection,DSF: Storage (onsite),01/04/2022,30/04/2022,01.04.22 - 30.04.22 (1 months),As per FFR framework agreement ,1100,1900,8,1100,1900,8,1100,1900,8,46.4,,,,,,,,0.4,1,1,0.4,1,0.4,1,,,,,,,,H for only 30min
147.172,Accepted,NA,Social Energy Limited,SOC6-FFR,DNO connection,DSF: Storage (onsite),31/03/2022,30/04/2022,31.03.22 - 30.04.22 (1 months),As per FFR framework agreement ,2300,1100,12,2300,1100,12,2300,1100,12,11.51,,,,,,,,0.4,1,1,0.4,1,0.4,1,,,E,,,,,H for only 30min
147.173,Accepted,NA,Social Energy Limited,SOC6-FFR,DNO connection,DSF: Storage (onsite),01/04/2022,30/04/2022,01.04.22 - 30.04.22 (1 months),As per FFR framework agreement ,1900,2300,4,1900,2300,4,1900,2300,4,11.51,,,,,,,,0.4,1,1,0.4,1,0.4,1,,,E,,,,,H for only 30min
147.174,Rejected,2,Social Energy Limited,SOC6-FFR,DNO connection,DSF: Storage (onsite),01/04/2022,30/04/2022,01.04.22 - 30.04.22 (1 months),As per FFR framework agreement ,1100,1900,8,1100,1900,8,1100,1900,8,46.4,,,,,,,,0.4,1,1,0.4,1,0.4,1,,,,,,,,H for only 30min
147.175,Accepted,NA,Social Energy Limited,SOC7-FFR,DNO connection,DSF: Storage (onsite),31/03/2022,30/04/2022,31.03.22 - 30.04.22 (1 months),As per FFR framework agreement ,2300,1100,12,2300,1100,12,2300,1100,12,11.64,,,,,,,,0.4,1,1,0.4,1,0.4,1,,,F,,,,,H for only 30min
147.176,Accepted,NA,Social Energy Limited,SOC7-FFR,DNO connection,DSF: Storage (onsite),01/04/2022,30/04/2022,01.04.22 - 30.04.22 (1 months),As per FFR framework agreement ,1900,2300,4,1900,2300,4,1900,2300,4,11.64,,,,,,,,0.4,1,1,0.4,1,0.4,1,,,F,,,,,H for only 30min
147.177,Rejected,2,Social Energy Limited,SOC7-FFR,DNO connection,DSF: Storage (onsite),01/04/2022,30/04/2022,01.04.22 - 30.04.22 (1 months),As per FFR framework agreement ,1100,1900,8,1100,1900,8,1100,1900,8,46.4,,,,,,,,0.4,1,1,0.4,1,0.4,1,,,,,,,,H for only 30min
147.178,Accepted,NA,Social Energy Limited,SOC9-FFR,DNO connection,DSF: Storage (onsite),31/03/2022,30/04/2022,31.03.22 - 30.04.22 (1 months),As per FFR framework agreement ,2300,1100,12,2300,1100,12,2300,1100,12,11.86,,,,,,,,0.4,1,1,0.4,1,0.4,1,,,G,,,,,H for only 30min
147.179,Accepted,NA,Social Energy Limited,SOC9-FFR,DNO connection,DSF: Storage (onsite),01/04/2022,30/04/2022,01.04.22 - 30.04.22 (1 months),As per FFR framework agreement ,1900,2300,4,1900,2300,4,1900,2300,4,11.86,,,,,,,,0.4,1,1,0.4,1,0.4,1,,,G,,,,,H for only 30min
147.18,Rejected,2,Social Energy Limited,SOC9-FFR,DNO connection,DSF: Storage (onsite),01/04/2022,30/04/2022,01.04.22 - 30.04.22 (1 months),As per FFR framework agreement ,1100,1900,8,1100,1900,8,1100,1900,8,46.4,,,,,,,,0.4,1,1,0.4,1,0.4,1,,,,,,,,H for only 30min
147.181,Accepted,NA,Social Energy Limited,SOC10-FFR,DNO connection,DSF: Storage (onsite),31/03/2022,30/04/2022,31.03.22 - 30.04.22 (1 months),As per FFR framework agreement ,2300,1100,12,2300,1100,12,2300,1100,12,11.99,,,,,,,,0.4,1,1,0.4,1,0.4,1,,,H,,,,,H for only 30min
147.182,Accepted,NA,Social Energy Limited,SOC10-FFR,DNO connection,DSF: Storage (onsite),01/04/2022,30/04/2022,01.04.22 - 30.04.22 (1 months),As per FFR framework agreement ,1900,2300,4,1900,2300,4,1900,2300,4,11.99,,,,,,,,0.4,1,1,0.4,1,0.4,1,,,H,,,,,H for only 30min
147.183,Rejected,2,Social Energy Limited,SOC10-FFR,DNO connection,DSF: Storage (onsite),01/04/2022,30/04/2022,01.04.22 - 30.04.22 (1 months),As per FFR framework agreement ,1100,1900,8,1100,1900,8,1100,1900,8,46.4,,,,,,,,0.4,1,1,0.4,1,0.4,1,,,,,,,,H for only 30min
147.184,Accepted,NA,Statkraft Markets GmbH,SKFT-1,DNO Connection,DSF: Storage (for export),31/03/2022,30/04/2022,31.03.22 - 30.04.22 (1 months),As per FFR framework agreement ,2300,700,8,2300,700,8,2300,700,8,81,,,,,,,,3.6,9,9,3.6,9,3.6,9,,,, ,,,YO61,
147.185,Accepted,NA,Statkraft Markets GmbH,SKFT-1,DNO Connection,DSF: Storage (for export),01/04/2022,30/04/2022,01.04.22 - 30.04.22 (1 months),As per FFR framework agreement ,1500,2300,8,1500,2300,8,1500,2300,8,198,,,,,,,,3.6,9,9,3.6,9,3.6,9,,,,,,,YO61,
147.186,Accepted,NA,Statkraft Markets GmbH,AG-JSTK02,DNO Connection,DSF: Storage (for export),31/03/2022,30/04/2022,31.03.22 - 30.04.22 (1 months),As per FFR framework agreement ,2300,700,8,2300,700,8,2300,700,8,47.3,,,,,,,,2,5,5,2,5,2,5,,,,,,,RH4 3,
147.187,Rejected,2,Statkraft Markets GmbH,AG-JSTK02,DNO Connection,DSF: Storage (for export),01/04/2022,30/04/2022,01.04.22 - 30.04.22 (1 months),As per FFR framework agreement ,700,1500,8,700,1500,8,700,1500,8,76.1,,,,,,,,2,5,5,2,5,2,5,,,,,,,RH4 3,
147.188,Accepted,NA,Statkraft Markets GmbH,AG-JSTK02,DNO Connection,DSF: Storage (for export),01/04/2022,30/04/2022,01.04.22 - 30.04.22 (1 months),As per FFR framework agreement ,1500,2300,8,1500,2300,8,1500,2300,8,97.5,,,,,,,,2,5,5,2,5,2,5,,,,,,,RH4 3,
147.189,Accepted,NA,Statkraft Markets GmbH,AG-MSTK01,DNO Connection,DSF: Storage (for export),31/03/2022,30/04/2022,31.03.22 - 30.04.22 (1 months),As per FFR framework agreement ,2300,700,8,2300,700,8,2300,700,8,391.6,,,,,,,,17.6,44,44,17.6,44,17.6,44,,,,,,,HU16,
147.19,Accepted,NA,Statkraft Markets GmbH,AG-MSTK01,DNO Connection,DSF: Storage (for export),01/04/2022,30/04/2022,01.04.22 - 30.04.22 (1 months),As per FFR framework agreement ,700,1500,8,700,1500,8,700,1500,8,374,,,,,,,,17.6,44,44,17.6,44,17.6,44,,,,,,,HU16,
147.191,Accepted,NA,Statkraft Markets GmbH,AG-MSTK01,DNO Connection,DSF: Storage (for export),01/04/2022,30/04/2022,01.04.22 - 30.04.22 (1 months),As per FFR framework agreement ,1500,2300,8,1500,2300,8,1500,2300,8,990,,,,,,,,17.6,44,44,17.6,44,17.6,44,,,,,,,HU16,
147.192,Accepted,NA,Statkraft Markets GmbH,AG-ASTK05,DNO Connection,DSF: Storage (for export),31/03/2022,30/04/2022,31.03.22 - 30.04.22 (1 months),As per FFR framework agreement ,2300,700,8,2300,700,8,2300,700,8,374,,,,,,,,17.6,44,44,17.6,44,17.6,44,,,,,,,SG9 0,
147.193,Accepted,NA,Statkraft Markets GmbH,AG-ASTK05,DNO Connection,DSF: Storage (for export),01/04/2022,30/04/2022,01.04.22 - 30.04.22 (1 months),As per FFR framework agreement ,700,1500,8,700,1500,8,700,1500,8,347.6,,,,,,,,17.6,44,44,17.6,44,17.6,44,,,,,,,SG9 0,
147.194,Accepted,NA,Statkraft Markets GmbH,AG-ASTK05,DNO Connection,DSF: Storage (for export),01/04/2022,30/04/2022,01.04.22 - 30.04.22 (1 months),As per FFR framework agreement ,1500,2300,8,1500,2300,8,1500,2300,8,858,,,,,,,,17.6,44,44,17.6,44,17.6,44,,,,,,,SG9 0,
147.195,Rejected,2,Tesla Motors Limited,E_BHOLB-1,DNO connection,Battery,01/04/2022,30/04/2022,01.04.22 - 30.04.22 (1 months),As per FFR framework agreement ,2300,700,8,2300,700,8,2300,700,8,172.8,-,-,Yes,-,-,-,-,2.8,7,7,2.8,7,2.8,7,-,-,A,-,,,BH15,
147.196,Rejected,2,Tesla Motors Limited,E_BHOLB-1,DNO connection,Battery,01/04/2022,30/04/2022,01.04.22 - 30.04.22 (1 months),As per FFR framework agreement ,700,1500,8,700,1500,8,700,1500,8,81.82,-,-,Yes,,,,,2.4,6,6,2.4,6,2.4,6,,,B,,,,BH15,
147.197,Rejected,2,Tesla Motors Limited,E_BHOLB-1,DNO connection,Battery,01/04/2022,30/04/2022,01.04.22 - 30.04.22 (1 months),As per FFR framework agreement ,1500,2300,8,1500,2300,8,1500,2300,8,419.93,-,-,Yes,,,,,2.8,7,7,2.8,7,2.8,7,,,C,,,,BH15,
147.198,Rejected,2,Tesla Motors Limited,E_CONTB-1,DNO connection,Battery,01/04/2022,30/04/2022,01.04.22 - 30.04.22 (1 months),As per FFR framework agreement ,2300,700,8,2300,700,8,2300,700,8,750.95,-,-,Yes,,,,,13.6,34,34,13.6,34,13.6,34,,,D,,,,BN6 9,
147.199,Rejected,2,Tesla Motors Limited,E_CONTB-1,DNO connection,Battery,01/04/2022,30/04/2022,01.04.22 - 30.04.22 (1 months),As per FFR framework agreement ,700,1500,8,700,1500,8,700,1500,8,467.61,-,-,Yes,,,,,12,30,30,12,30,12,30,,,E,,,,BN6 9,
147.2,Rejected,2,Tesla Motors Limited,E_CONTB-1,DNO connection,Battery,01/04/2022,30/04/2022,01.04.22 - 30.04.22 (1 months),As per FFR framework agreement ,1500,2300,8,1500,2300,8,1500,2300,8,2107.66,-,-,Yes,,,,,13.6,34,34,13.6,34,13.6,34,,,F,,,,BN6 9,
147.201,Accepted,NA,Upside Energy ,UPEN-3,DNO connection,DSF: Storage (onsite),31/03/2022,30/04/2022,31.03.22 - 30.04.22 (1 months),As per FFR framework agreement ,2300,300,4,2300,300,4,2300,300,4,12,,,,,,,,0.4,1,1,0.4,1,0.4,1,,,A, ,,,EH48 ,
147.202,Accepted,NA,Upside Energy ,UPEN-3,DNO connection,DSF: Storage (onsite),01/04/2022,30/04/2022,01.04.22 - 30.04.22 (1 months),As per FFR framework agreement ,1900,2300,4,1900,2300,4,1900,2300,4,12,,,,,,,,0.4,1,1,0.4,1,0.4,1,,,A,,,,EH48 ,
147.203,Accepted,NA,Upside Energy ,UPEN-3,DNO connection,DSF: Storage (onsite),01/04/2022,30/04/2022,01.04.22 - 30.04.22 (1 months),As per FFR framework agreement ,700,1500,8,700,1500,8,700,1500,8,7.5,,,,,,,,0.4,1,1,0.4,1,0.4,1,,,,,,,EH48 ,
147.204,Accepted,NA,Upside Energy ,UPEN-2,DNO connection,DSF: Storage (onsite),31/03/2022,30/04/2022,31.03.22 - 30.04.22 (1 months),As per FFR framework agreement ,2300,1500,16,2300,1500,16,2300,1500,16,10.9,,,,,,,,0.4,1,1,0.4,1,0.4,1,,,,,,,NR12,
147.205,Accepted,NA,Upside Energy ,KFLX-01,DNO connection,DSF: Storage (onsite),31/03/2022,30/04/2022,31.03.22 - 30.04.22 (1 months),As per FFR framework agreement ,2300,700,8,2300,700,8,2300,700,8,16,,,,,,,,0.8,2,2,0.8,2,0.8,2,,,,,,,N7 7AJ,
147.206,Accepted,NA,Upside Energy ,KFLX-01,DNO connection,DSF: Storage (onsite),01/04/2022,30/04/2022,01.04.22 - 30.04.22 (1 months),As per FFR framework agreement ,700,2300,16,700,2300,16,700,2300,16,28.6,,,,,,,,0.8,2,2,0.8,2,0.8,2,,,,,,,N7 7AJ,
147.207,Rejected,2,BESS HOLDCO 2 LIMITED,AG-ZEN03J,DNO connection,Battery,31/03/2022,30/04/2022,31.03.22 - 30.04.22 (1 months),As per FFR framework agreement ,2300,700,8,2300,700,8,2300,700,8,406,,,YES,,,,,5.8,29,29,5.8,29,5.8,29,,,,A,,,ME20,
147.208,Rejected,2,BESS HOLDCO 2 LIMITED,AG-ZEN03J,DNO connection,Battery,01/04/2022,30/04/2022,01.04.22 - 30.04.22 (1 months),As per FFR framework agreement ,700,1500,8,700,1500,8,700,1500,8,551,,,YES,,,,,5.8,29,29,5.8,29,5.8,29,,,,B,,,ME20,
147.209,Rejected,2,BESS HOLDCO 2 LIMITED,AG-ZEN03J,DNO connection,Battery,01/04/2022,30/04/2022,01.04.22 - 30.04.22 (1 months),As per FFR framework agreement ,1500,2300,8,1500,2300,8,1500,2300,8,1392,,,YES,,,,,5.8,29,29,5.8,29,5.8,29,,,,C,,,ME20,
147.21,Rejected,2,BESS HOLDCO 2 LIMITED,ZEN02A,DNO connection,Battery,31/03/2022,30/04/2022,31.03.22 - 30.04.22 (1 months),As per FFR framework agreement ,2300,700,8,2300,700,8,2300,700,8,280,,,YES,,,,,4,20,20,4,20,4,20,,,,D,,,CO10,
147.211,Rejected,2,BESS HOLDCO 2 LIMITED,ZEN02A,DNO connection,Battery,01/04/2022,30/04/2022,01.04.22 - 30.04.22 (1 months),As per FFR framework agreement ,700,1500,8,700,1500,8,700,1500,8,380,,,YES,,,,,4,20,20,4,20,4,20,,,,E,,,CO10,
147.212,Rejected,2,BESS HOLDCO 2 LIMITED,ZEN02A,DNO connection,Battery,01/04/2022,30/04/2022,01.04.22 - 30.04.22 (1 months),As per FFR framework agreement ,1500,2300,8,1500,2300,8,1500,2300,8,960,,,YES,,,,,4,20,20,4,20,4,20,,,,F,,,CO10,
147.213,Rejected,2,BESS HoldCo 3 Ltd,DBESSH-33,DNO connection,Battery,31/03/2022,30/04/2022,31.03.22 - 30.04.22 (1 months),As per FFR framework agreement ,2300,700,8,2300,700,8,2300,700,8,108,,,NO,,,,,1.8,9,9,1.8,9,1.8,9,,,,G,,,BN44,
147.214,Rejected,2,BESS HoldCo 3 Ltd,DBESSH-33,DNO connection,Battery,01/04/2022,30/04/2022,01.04.22 - 30.04.22 (1 months),As per FFR framework agreement ,700,1500,8,700,1500,8,700,1500,8,153,,,NO,,,,,1.8,9,9,1.8,9,1.8,9,,,,H,,,BN44,
147.215,Rejected,2,BESS HoldCo 3 Ltd,DBESSH-33,DNO connection,Battery,01/04/2022,30/04/2022,01.04.22 - 30.04.22 (1 months),As per FFR framework agreement ,1500,2300,8,1500,2300,8,1500,2300,8,405,,,NO,,,,,1.8,9,9,1.8,9,1.8,9,,,,I,,,BN44,
147.216,Rejected,2,BESS HoldCo 1 Limited,DBESS-11,DNO connection,Battery,31/03/2022,30/04/2022,31.03.22 - 30.04.22 (1 months),As per FFR framework agreement ,2300,700,8,2300,700,8,2300,700,8,47,,,NO,,,,,1,5,5,1,5,1,5,,,,J,,,CV37,
147.217,Rejected,2,BESS HoldCo 1 Limited,DBESS-11,DNO connection,Battery,01/04/2022,30/04/2022,01.04.22 - 30.04.22 (1 months),As per FFR framework agreement ,700,1500,8,700,1500,8,700,1500,8,39,,,NO,,,,,1,5,5,1,5,1,5,,,,K,,,CV37,
147.218,Rejected,2,BESS HoldCo 1 Limited,DBESS-11,DNO connection,Battery,01/04/2022,30/04/2022,01.04.22 - 30.04.22 (1 months),As per FFR framework agreement ,1500,2300,8,1500,2300,8,1500,2300,8,125,,,NO,,,,,1,5,5,1,5,1,5,,,,L,,,CV37,
147.219,Rejected,2,SMS Energy Services Limited ,E_BURWB-1,DNO connection,DSF: Storage (for export),01/04/2022,30/04/2022,01.04.22 - 30.04.22 (1 months),As per FFR framework agreement ,2300,2300,24,2300,2300,24,2300,2300,24,2450,0,0,yes,,,,,19.6,49,49,19.6,49,19.6,49,,,A, ,,,CB25,All or nothing bid on volume
